{"cameraMode":{"drawMode":0,"name":"Shaded","section":"Shading Mode"},"sceneLighting":false,"audioPlay":false,"sceneViewState":{"showFog":true,"showMaterialUpdate":false,"showSkybox":true,"showFlares":true,"showImageEffects":true,"showParticleSystems":true},"in2DMode":false,"pivot":{"x":-0.15700000524520875,"y":0.03700000047683716,"z":-0.5540000200271606},"rotation":{"x":-0.09310128539800644,"y":0.03941459581255913,"z":-0.003688452998176217,"w":-0.9948694109916687},"size":0.057157665491104129,"orthographic":false}